{
  "C10": {
    "1": [
      0.7853929797057941,
      0.3926974966532
    ],
    "2": [
      0.655756326850906,
      1.2428163918424848,
      0.6214834211830376,
      0.3279447060048318
    ],
    "3": [
      0.5923493739196698,
      1.1563834613951132,
      1.3647554685875463,
      0.6823567699879269,
      0.57807885725745,
      0.296129401867129
    ]
  },
  "C10_chords": {
    "1": [
      0.6630388603082829,
      1.9635056658892753
    ],
    "2": [
      0.5063001045852821,
      0.9235457591503947,
      2.1448807261303036,
      1.8948705550029985
    ],
    "3": [
      0.4855241247882344,
      0.8017941704906556,
      0.946272657963674,
      2.217238463776132,
      2.127153630836502,
      1.9065967992897925
    ]
  },
  "3reg": {
    "1": [
      0.5882207743672121,
      1.9358731414391392
    ],
    "2": [
      0.5082235284395904,
      0.9203773209933189,
      2.078450341334778,
      1.8522421862844025
    ],
    "3": [
      0.4358084716523626,
      0.8698582798666703,
      1.0029120643953278,
      2.1094209034488096,
      1.9792267400956636,
      1.8013901991094676
    ]
  }
}